<?xml version="1.0" encoding="utf-8"?>
<!--<odoo noupdate="1">-->
<odoo >
    <record id="payment_method_moneris" model="payment.method">
        <field name="name">Moneris</field>
        <field name="code">moneris</field>
        <field name="active">True</field>
        <field name="sequence">1</field>
        <field name="support_tokenization">False</field>
        <field name="support_express_checkout">False</field>
        <field name="support_refund">partial</field>
    </record>

</odoo>