<?xml version="1.0" encoding="utf-8"?>
<!--<odoo noupdate="1">-->
<odoo >
    <record id="payment_moneris" model="payment.provider">
        <field name="name">Moneris</field>
        <field name="code">moneris</field>
        <field name="module_id" ref="base.module_provider_moneris"/>
        <field name="payment_method_ids" eval="[Command.set([ref('payment.payment_method_card')])]"/>
        <field name="payment_method_ids"
                          eval="[Command.set([ref('provider_moneris.payment_method_moneris')])]"/>
        <field name="redirect_form_view_id" ref="redirect_form"/>
    </record>
</odoo>


